dataset,MSE,RMSE,R2
TRAIN,4.960580493991774,2.2272360660674866,0.7747923989707506
VALIDATION,4.761591644290898,2.182107156922157,0.7699115873936914
TEST,4.755353758899229,2.1806773624035327,0.7299274122711217
