model_name,val_MSE,val_RMSE,val_R2
Random_Forest,4.761591644290897,2.1821071569221564,0.7699115873936915
Linear_Regression,6.930733177762368,2.632628568135347,0.6650948854504927
Ridge,6.9506130792684555,2.63640153983957,0.6641342539385927
Dummy_Mean,20.741470493593162,4.554280458381232,-0.0022640279775916206
