dataset,MSE,RMSE,R2
TRAIN,4.960580493991773,2.2272360660674866,0.7747923989707506
VALIDATION,4.761591644290897,2.1821071569221564,0.7699115873936915
TEST,4.755353758899231,2.180677362403533,0.7299274122711217
